temperature,humidity,sound_volume,anomaly
45.74716611952142,56.74191543007144,101.35556745119379,1
49.117045097755025,46.04782882878632,80.61920996805814,0
45.20775548906755,54.137991715657385,71.48203755859706,0
56.501003240154176,35.71425697160261,88.95142046768063,0
37.08919276164805,53.05303661772397,72.3213556121073,0
46.73098303146024,46.815803924795965,71.60820721705457,0
66.04743240206085,42.381430487196354,65.47138406513042,0
53.42167038076905,49.519054419893585,57.55421826433387,0
54.971868934624645,60.47008316609483,72.41013737179581,0
57.38874110256905,40.65551968470113,84.01076258604326,0
50.3785117024205,46.1727081991828,68.34139789993259,0
51.8056739143938,55.594514490304185,78.12660146200581,0
54.11797154792224,47.82046494721519,82.18905074136755,0
56.19670967028851,50.32384857747804,88.89831531195887,0
42.880950830551754,44.44263590966314,102.44148637587392,0
49.064148781016705,30.41573894541055,77.41126705053055,1
46.932701490673615,52.03989756888747,96.09712102242813,0
80.04019068397508,43.1258432466667,62.078909430258996,1
48.60693616106181,48.48449613146641,88.44810664915573,0
41.07511474874497,52.58126133699817,99.84065250554778,0
52.05445908106511,54.623273470925604,84.87114799808444,0
50.76265218278663,46.935169811425446,69.27349553261412,0
50.22208750101324,60.67789590307341,81.85680026419556,0
58.908479041206206,59.13992916469684,88.08224960425316,0
57.50013529613153,43.428234948325255,74.46374277362325,0
52.910726085110014,49.58967437391297,78.17896327887668,0
60.854754619638044,56.157020636099425,70.50020386262459,0
47.820347582188035,58.1767118378069,82.41438860946,0
40.34532064849577,45.66347979984736,82.76664882828972,0
59.59986150673585,52.22086407418455,74.01179512835131,0
50.193981565963355,49.274111918469536,87.0191522685981,0
47.757202962794814,40.29175897282631,86.92873795283066,0
44.07680716441803,40.841787717111195,79.53123635618321,0
46.96599756415643,42.392883194800156,69.2614150659382,0
40.64075847304021,51.086165983579036,67.77012844214299,0
51.464205194714324,50.06518483940059,92.62322675799027,0
40.02975088775661,59.675492916644,74.54436501912379,0
46.125662030815654,49.278238695233426,82.41973667544194,0
50.5235905077494,58.01254497004577,73.6488015941582,0
46.46066116571291,40.930210018090165,62.91468437242,0
57.36685448708015,57.646193303885376,71.58452323381842,0
56.79980285382712,49.350355829528304,74.06120404302058,0
50.53782076599237,18.810864904626293,74.9836896018581,1
46.95499457426126,52.373120566122545,77.76644735514613,0
53.8709607865906,65.98251713551609,72.04644227140784,0
51.86701414222317,41.168463760234864,76.42708005427403,0
50.0629258586429,50.202336421045565,89.38867265888446,0
54.48771926924408,57.09821933738881,78.46240794046625,0
48.75604989634482,41.32808178201285,82.56315204981473,0
54.87394328147022,43.663544755856826,65.73178101030125,0
41.67892432406483,59.600341815789776,83.26771175511554,0
47.678122012390624,53.574452952884485,68.66602282597748,0
50.210532966870346,45.17352309787937,91.8853921882837,0
42.2445937952346,47.072013558025944,104.315540683732,0
46.150525712965816,54.61453828217798,68.57892381287793,0
35.76963308519015,39.56266782631962,75.76313041851913,0
59.855424624921156,48.84944955409717,83.20461223105292,0
54.4317578438031,54.12007694054589,72.84732703129652,0
65.48922819756638,40.952026573006414,78.28974193697435,0
46.313784048935986,45.50279179932112,84.73786588501117,0
53.80017175120993,50.1995570525417,74.53804264153536,0
49.408642071582946,53.448282183608356,70.96027045298243,0
59.04410510801769,55.28141849808633,76.73213173979128,0
48.76302601681054,53.21544269779738,70.58837222878721,0
61.81451006392929,63.38952591572701,84.79628950817876,0
42.6737052032951,51.0054336797985,104.01503853622597,1
81.13560481777117,57.47121007764258,69.01513668579906,1
48.78926783990333,46.67833410688243,80.67374167011587,0
42.21554517736678,43.827373861272065,79.77457516822255,0
49.85508052876314,45.61313824010142,77.08987747225545,0
37.30534758157589,60.45058716228145,59.103910091635555,0
51.424653253083136,51.94329003776311,60.87240549387958,0
53.72311830117217,44.01620166502811,93.94514316687078,0
42.88083575753537,53.61557385945401,76.39047521705056,0
37.0636462036866,46.1128771574254,88.03986649616262,0
51.20784351455396,56.19973091821028,98.6667861999118,0
55.50341073227062,46.30752077681027,89.413460264514,0
49.499709792071066,59.914293030496275,81.16506242782765,0
55.85444139432371,31.944908265344292,94.63217126626338,0
48.61239777696136,56.42993323558394,78.17117873693051,0
49.35409204995175,49.11009170081419,81.85203067910513,0
56.09508115063768,31.570116455427776,70.76893579396716,0
44.125652641084415,43.9878464938207,85.54053626439907,0
55.762787619468575,43.738191429989165,86.00690354076839,0
54.91226653420166,46.84185154022309,109.43876477531553,1
54.18852358935108,48.39850934228668,60.44590381688114,0
46.444035193037706,53.74378867068543,71.51440358899282,0
50.952966815229615,56.076439286624996,87.66325848369871,0
39.55519785414053,43.493577381231,68.17346209789241,0
54.28165875616838,53.49638055544659,65.22836309150497,0
59.58669311143471,57.15411356010606,78.06037001921794,0
38.08088008121896,53.943025374874146,65.86977393161413,0
46.36853316291613,31.594800560915754,82.1368552879419,0
41.35707738076679,51.429146155892965,68.82495399495089,0
29.833037873128454,40.41181454369383,79.49763419858286,0
49.889937015498994,53.45961297435757,91.89885949100132,0
38.15120745991966,53.31054251328487,88.53029382977357,0
45.66255742556675,47.76133548132743,82.32985755818956,0
56.12027617853306,45.07594327470612,82.48279485810801,0
62.036633066328825,53.777952832288896,72.95065463211493,0
50.240030622964554,49.04006782306492,87.8698784523217,0
44.06095982400326,42.2916798721906,103.44586288253299,0
51.881819543860345,59.11460220844107,65.55113165471631,0
37.810359587735036,41.584731912745404,80.22460094356266,0
50.88545093079289,38.229343312706,63.204858472739645,0
48.91644132624995,35.10795451953055,96.96647267761465,0
55.648586230113466,47.056040958286076,75.76754217416115,0
43.76082555901043,35.67081828963809,73.18403992740961,0
49.54810252970352,56.7270612875775,91.18728476646066,0
49.046156935797825,46.644005827147126,80.08378632462643,0
48.78274309750721,53.92832932542619,85.5664581812818,0
59.25143142748679,46.263171412183496,97.79597748927964,0
39.02006311988791,65.33323233514412,83.8391052064073,0
67.48655276948134,51.758426720446764,75.13972056086219,1
53.05204276963703,50.503102038729224,90.6150556108622,0
44.72963837075206,52.04920853180481,87.24345676290577,0
43.53128452638691,57.90147471808278,78.69179264929562,0
32.94062807675684,33.645311197594125,55.1562270909476,0
38.88336645596316,51.69628673092141,70.25857798211028,0
43.50392649560528,54.712532207734846,75.45760370108911,0
46.12783435771167,48.65700789688778,94.00680517777124,0
48.51214445623467,63.100132698726256,85.34127257587758,0
44.86557116316612,48.42861600089073,57.140876783882575,0
52.595102477893384,58.95071667228166,79.0594223989691,0
57.21631817316525,46.47752374947098,80.49941308949879,0
52.12795335369475,45.02271188226541,75.83465151501935,0
54.01167770064107,53.11081868293456,87.27828662021449,0
41.46988564832536,38.48570868892965,83.57410471829157,0
44.59970373241517,51.05814970972191,81.5163980463665,0
47.53243559370702,41.67451441744886,61.04791072185918,0
74.0621426208956,49.426859147441874,100.98729398057063,0
52.50390377654955,55.74342325786921,79.4544033119176,0
51.57243702978741,32.983717129838496,65.74735625930454,0
52.221236872495986,56.0874770777489,62.946084031839725,0
48.51423758526846,63.16414702802548,78.12108969943831,0
47.804980569946075,62.7093733532638,74.46640664696555,0
61.40815019967265,57.513129714278264,98.53488254602476,0
51.21397420451548,61.80007340312525,73.84900730199084,0
50.80142924954122,49.039765518050054,64.24788073603204,0
50.61644349570184,36.825270378854015,79.65515614091419,0
52.12767476325853,48.43333088116905,83.63784466571602,0
68.52377553542719,45.218910303339946,90.77872360683281,1
73.66334757741394,30.9124500996839,77.71218760982563,1
56.2196350636988,43.289629250792004,84.17929270857823,0
56.00509155439865,43.974238089922636,88.01662773951783,0
55.37886112878012,44.123073888383495,78.44290325517616,0
54.225173988641735,55.939400844938866,71.6293931380406,0
51.810653136130846,45.74631045053274,79.36588208682903,0
36.349517171133535,61.2508441363875,81.69786030465075,0
45.52108178666954,44.12281901182138,80.35073950253927,0
47.106880834801515,21.855502309401192,88.24983833745578,1
51.620923197094605,66.58541787361581,73.0675379239654,0
44.89001394618691,44.31818884250242,84.17270001317314,0
61.3257490319002,43.06938906900002,71.95163514300367,0
39.38081107887625,67.34434212006039,76.18017574567435,0
53.192019345241604,46.67796982655293,93.88936032607565,0
43.97818167523566,52.21524396642011,95.38596227227063,0
42.58660459624342,63.12804683009563,81.16872041843472,0
44.80336970719818,58.770641139935265,90.43104752358198,0
48.69524481795054,54.77809341129728,80.28636212081632,0
47.71297980389501,50.264170547902076,60.38343824737407,0
55.630279947155856,49.351545003260405,77.97596203896414,0
51.45583409206324,38.75782751380471,78.80415372770878,0
49.73304070578464,56.849184209030156,74.5279642229987,0
56.44193307259134,52.61121346505221,73.04362478921298,0
46.192908007807276,62.95820712023461,68.61181161728503,0
63.077798759666486,36.92232679247586,76.80827079657507,0
62.385449714194515,51.78440766096332,68.92036506186075,0
46.850418847037396,38.279656008945665,87.76118861838162,0
40.62181569545669,61.1896570607016,81.59220296947916,0
56.63908308375787,59.40949534837809,87.67024890165163,0
60.69484852158306,43.3521622487353,94.7825115220166,0
74.83177185679438,42.392233225110886,80.95371110516669,1
40.235801934094866,64.51377460054111,74.26208712990658,0
50.57906998688833,50.055562804848485,88.26722735687612,0
48.178650560064334,61.748770173962114,84.08901356258852,0
53.11365149825298,45.01803626407346,78.02863564781423,0
56.21108532528743,55.19108593666623,92.79394087645525,0
40.881676115186124,43.39996711085098,90.19050936990675,0
48.832220276385165,55.2995883128404,89.54403637159217,0
38.059248621179954,59.19758554233978,67.83999882973208,0
48.45741876617759,59.55056084266192,66.65669088591486,0
53.82393379792648,35.38449943703735,73.64526760005842,0
55.74006097132469,68.50259752794908,98.48960384254818,0
47.87459319952669,57.75863279656492,85.39652268340062,0
62.19225766886455,51.06130956275414,84.9850348199511,0
56.13225433475462,41.429186502581686,63.09540378108879,0
55.565821751729864,40.4016727349132,75.76926535775243,0
47.259098488218946,43.840065812398564,74.34405799399629,0
42.11695120666346,50.55742405666089,73.64391439920898,0
62.327122394433445,61.316464598097426,64.24850717918471,0
57.00390534921577,39.95644010354741,76.82139012051186,0
35.16038150476453,41.13922435445511,77.75871241685437,0
63.357112269445125,58.712145296851475,69.69081135278181,0
42.63265366430865,50.957667986428824,85.05941132636922,0
50.56926170397093,42.1042751581203,86.05926987487804,0
56.629578757954064,45.23715581820478,82.55450155368293,0
46.26398282306923,52.20514531352183,84.08781441819313,0
50.09517521472645,55.017647535414284,92.94959581945328,0
39.93133694176453,53.579146636850744,61.46182056116795,0
57.09288843882179,51.90029472882844,71.01007563011981,0
47.33562624689359,55.753279450099654,77.50990170632878,0
52.13945511736023,53.27652467597137,78.48400803705309,0
58.32984755358641,53.510283163142695,86.28197730622271,0
53.37046329737086,59.47650861880807,97.67811907718007,0
55.84670155148139,47.41152359850351,65.89773750987683,0
58.58267929017059,55.707298406051386,70.1346090457763,0
85.26493777542721,57.17769614565832,87.06996507419231,1
48.52035673363079,38.89380436774266,94.25701183053158,0
41.488119315091254,58.21487258976786,71.38992328869878,0
54.4780848031333,52.23518379876035,80.16452389394952,0
41.267429341697714,51.79066707728167,84.80841478074313,0
50.21963871157603,45.2407364542525,88.04704850954207,0
53.89038296132596,44.308337853625176,83.39816437840132,0
60.89410592310462,57.16867244569362,92.75587971813214,0
58.98857886882571,41.31171513896156,90.24562361430459,0
46.323196442123496,52.17212092693969,80.54030722653668,0
67.1664765938092,56.254752953816876,87.83297350534828,0
38.0557104968566,43.590156225521845,78.5491783637987,0
53.15042121667984,48.68671342241733,79.75749032977438,0
70.3778927249182,48.68423723521812,88.52378436253997,1
39.66278896928892,40.88379458243178,77.08043926522402,0
46.36909009783458,41.74748953126229,74.43805709588062,0
49.87713301775164,65.47007903047728,58.85773221262518,0
63.65714855977186,26.71273973614836,97.31658859512495,1
52.576684010259235,61.26170146196014,85.50686865339884,0
43.1659050784124,50.88576583686228,85.98678424560792,0
52.48015972248542,42.70049579666229,93.03148105975349,0
45.527343981152214,59.87549296999083,88.3084967075128,0
48.27297116940585,67.2184260875722,75.91525429753082,0
46.421564084032156,51.3700740982584,74.27919702532346,0
47.688964759257324,49.58792212181595,80.5000395304322,0
39.848759298974144,51.043407171339226,78.29360435207262,0
49.83212004864098,54.957303012402015,85.5675824806284,0
29.61434186000953,50.96737633438121,87.86219095952757,0
47.233693709074274,55.0402411532379,78.40801709789027,0
54.17724696970758,44.92071369523992,71.1735839896781,0
37.20153210910076,65.17891672838773,90.90984525703405,0
29.952388636353106,45.769879009143644,66.36311554114803,0
54.84729873581769,55.7994333824207,87.92254394514653,0
58.46512111182755,54.69068235366448,53.35676987402641,0
54.657771179456184,47.70333093420484,72.96072822373576,0
45.694529011194994,62.35527958367738,88.83979080743997,0
49.14675145146545,48.83593820992601,82.71027669266451,0
52.8975882398774,46.522045176254395,67.00897781691862,0
41.98316277677897,46.6178779036311,86.75371259606348,0
49.70685321433784,52.61005131440532,82.72948891010999,0
52.46370970783557,49.92763657047637,74.6180418817307,0
32.429926921633395,56.04157667092367,77.00612820028631,0
49.16277994864699,56.235373244431614,92.29307286110453,0
53.03414459267793,51.647083126389234,80.12192807543106,0
46.99246207633743,47.80510005130843,98.42631049861225,0
48.22159335860022,43.58833137187179,73.98420830611586,0
44.32248612016963,46.000706893304,79.4144979132643,0
38.57562908537398,50.018124725375365,83.02655718767217,0
43.87125952553683,53.99591695045589,86.10737652675809,0
52.46336813739971,42.82471270139286,70.86616460830288,0
57.52983669390635,57.939854289753185,71.30225590645246,0
53.20081602979218,49.475170549146135,81.8623078674442,0
55.75977402430365,45.03773392674702,77.21156528468217,0
46.60081659525153,48.68561988787572,96.59559178849089,0
43.141976681922486,46.46859785931736,85.00489703281391,0
48.94800410443149,58.140391959497435,89.94626403027391,0
63.68887762362226,48.327691758265146,87.18829822972047,0
45.932316659867254,49.01789381950502,78.44772564246341,0
53.091611739959674,43.61761442182108,83.83452516307867,0
39.48321004641951,46.141164212912535,82.19827841309132,0
38.28941080334832,61.45538524573156,91.99344985882333,0
56.27218909652643,56.84631463135287,89.20317595154707,0
46.734889945473434,59.38439712027992,76.18162627075101,0
55.85654469041231,51.93549130218362,70.8876362281247,0
44.672326187658555,54.92463613681945,92.40456705531733,0
52.42819209407416,54.965206063267445,59.22803176999412,0
46.7977553410108,58.12059529646054,69.39695063372565,0
57.05440570771374,52.09983124847147,83.83293051430299,0
39.823489321925805,44.07229745447218,85.68077637536535,0
37.92162851302582,60.2658753950852,63.285232894914145,0
47.875331206199434,51.329904205258345,89.62942787816264,0
39.281252811713834,39.27536549650333,91.42881347265262,0
56.203165656136825,41.30058863633107,64.49475030641231,0
49.98891177994933,50.19860659809295,66.95080739955176,0
42.867790236298,74.010050331763,75.35337907493644,0
54.50981976578195,49.33136821698136,85.21634720124982,0
47.94003064747598,57.8398859663948,92.29814710273114,0
60.136780572947245,58.777352648422166,70.97546297834592,0
51.07493185426588,52.394446369682065,78.51279944523574,0
49.89617346464467,52.12667756729799,68.41579792581531,0
60.43684065636752,42.34383343435699,60.88789240193772,0
52.87995826884802,58.99298006580552,88.96557688292982,0
44.247121414524244,43.972358098365355,77.0794309406782,0
50.86623223909366,63.83319967278237,74.70911013110906,0
38.35108511943723,49.793516377470446,66.39517892805728,0
61.143692341590985,47.45759486280741,84.5551103210848,0
65.89153334261141,50.651681860044604,91.54894086455258,0
48.364908376357505,61.87957251033812,77.18554290482939,0
49.11192150439883,44.150520725159915,50.3056353185535,0
56.12253741680579,50.75392748630939,82.11365390842654,0
50.72449970487753,48.49998668810471,76.39350506323918,0
79.07986874859924,48.500703385456525,85.24447341137208,1
51.36596169708398,54.11177593961635,67.05962464817759,0
50.0562686410896,45.99252723029021,87.77470591632553,0
42.97027248978304,51.22838049217307,86.1930228844466,0
51.27826794642617,43.927564475501455,62.1034135524513,0
60.112653236560725,34.370268098376926,88.31718899423113,0
51.50033147489883,43.336889781824325,65.46669861005887,0
52.085296562226475,61.23394182965342,91.52195162932192,0
63.27100799206498,48.70176706505003,83.29111124506817,0
47.17781262762798,34.08765532696903,88.6832692390051,0
51.70698520599745,53.39764273327341,90.28796484670748,0
44.42948191468905,51.43853296938876,89.1112494117009,0
46.21191700082174,57.90941564109404,77.94551929166384,0
48.512387520325156,34.482708721010134,88.82011346870786,0
50.4788137869137,52.91134035430915,69.87098974095493,0
49.430360763979834,58.69799727501163,62.82415548237553,0
55.38691640069377,54.96120999641915,84.6659854620688,0
81.0409259470961,58.41411267937659,74.26070866892493,1
42.25075114797026,31.668909016776354,82.60387666110121,0
52.87317159198702,48.097307642666856,79.37301954509759,0
52.34931118295063,47.90836979066504,74.54063544710019,0
44.86778814499364,48.801407972354575,79.92669208224213,0
45.17303042255806,53.9315544535074,82.09877206598365,0
42.352531914316735,48.65032551682459,81.21092929192967,0
51.53148818425753,40.96449212221033,80.70124270919433,0
43.12054572730761,49.445793794833534,80.62491206572574,0
43.82648964370196,54.61190786037358,92.76258111897074,0
53.2823918914626,51.68436777564047,90.38955854665691,0
49.85963241586184,76.40617905735061,80.00909317828922,0
61.98240233682776,57.704890548184565,76.16971810464027,0
45.4107201631995,43.211620569697715,81.84624538322745,0
50.89453614320341,62.79330691141728,90.67475531454528,0
60.85982997591252,65.61173724913576,82.8378949577305,0
58.122415835337264,47.90274376754198,64.19650763866304,0
51.48601823904661,69.4323747590505,92.16031785673555,0
57.69398248535356,46.90007172849221,89.36124023927334,0
58.09383805972951,47.37489927496339,72.64405619682152,0
51.57585524322644,67.89369524902844,76.63330212479273,0
54.003710217531086,62.26187368139397,92.20563091271322,0
50.61698037167985,38.8122318425868,62.57577558681023,0
48.88091279660962,57.50907573572102,74.62323319823528,0
38.86359247286369,52.62597822967984,82.36352485782635,0
77.70318622928772,42.27150069985105,81.65385079808283,1
47.862600960873245,62.4634180864931,76.86330127459242,0
72.68056060887346,59.97792491863864,97.06896283286558,1
51.41158599804401,48.037006131880034,47.887158790145065,0
54.29774803735547,65.63651945677644,80.15227050403367,0
56.410300485536396,43.55455784709837,81.99959408897429,0
51.12101846067613,40.43744682412917,84.7602778607573,0
44.20569830155492,49.518102222055774,77.36951154367495,0
53.417602712130694,53.88019282257688,76.27571148282662,0
50.19837655702922,49.2305409941116,66.07594421031146,0
54.17977021156926,42.741215819101505,67.96333190738109,0
49.87133967888719,52.40845069385694,84.77419548087911,0
47.77953865220644,47.54768663581289,65.80107165607537,0
43.500327896179755,38.650036867608236,74.81187882230107,0
52.11548711948039,43.40210942775796,90.73541299619458,0
46.12273363865978,49.540461401206215,86.45870050243568,0
43.733252134797226,54.2500369373725,81.2708578170662,0
44.36335306583475,64.9810969123294,96.61158471099806,0
59.3631563056054,56.011424252581584,80.93859672475963,0
47.94825825155909,44.07792912798735,78.32331093956999,0
44.28983794081561,52.599924242104365,84.61124539219142,0
40.30870724582323,56.5429320333654,85.10432569708897,0
58.14908220532289,58.60830783913153,62.09913419739215,0
57.682723825712074,63.496227907825826,75.92515052753745,0
50.485309411491556,54.15097119524778,99.58153883345598,0
47.43713314688675,48.819671430192564,86.54049827435,0
51.490560029843174,62.67201816909465,95.04691383459057,0
53.19667050521772,54.176534342473204,68.6303966826218,0
42.90634185921766,51.764537770219455,88.06031448721676,0
28.529050470964783,52.92190801172436,90.93894248150266,0
57.9673907446443,54.74253160276342,86.02950723729091,0
53.291927385096834,45.685249813775926,96.70128337152121,0
55.2389591572259,48.80042436676365,87.17927830792698,0
44.890133150005475,59.06974285094985,84.16790837202043,0
40.222102903696886,55.56521440528716,84.54922299798864,0
67.5581084263613,46.17277949290003,74.30207320270225,0
55.47815995074732,55.11800133849166,70.63875368099545,0
41.57919253743971,47.43341870728215,60.5173244856159,0
38.50236687937871,57.7915808801926,86.83851294568144,0
42.22641922116668,31.572187669465723,96.38812760704519,0
56.84748731095768,51.22792984867491,67.73933638523015,0
52.94517191314628,46.65007636677644,79.25261297934064,0
52.44002823098171,44.57187535543471,88.00273354238897,0
49.26677994777768,57.9620350899071,85.2478203496693,0
62.658380548593044,42.55993177014624,77.46470608513762,0
47.79605302512193,59.659656870763044,78.0387208248104,0
45.79621397984141,58.22508834870523,89.58108841900862,0
51.395824434350764,50.26356195061853,83.9082724690788,0
39.4855228213571,55.43759116095515,77.72590096362856,0
46.895689074013376,61.936322195404145,81.80997077122181,0
51.01167786397259,46.760010246465804,75.60125111052103,0
59.15935597817553,57.42771617135666,82.28447039457612,0
45.62274436829033,52.55433160313992,79.62488254555957,0
58.53077802427979,45.99568221926898,90.27057443117101,0
53.72323566111645,40.51583293186721,77.18378654968618,0
52.655413319798285,64.27046748336869,90.05495855376954,0
50.85189122870985,57.554154250234,96.46870790091026,0
59.222837752013874,52.62947589149383,89.65963751777139,0
53.42987661368294,42.01908711184035,87.48746084146,0
45.77634418062024,55.74981989420717,91.27839283843562,0
54.03038787500282,62.299101277564716,69.44408026543667,0
50.6376457135589,68.76380365878732,75.00282698426722,0
45.10846669723318,58.22523673018734,86.56574177069346,0
63.872895649820066,50.034377261016665,90.61489465046282,0
56.657592842239175,70.13377026840085,81.71311598345413,0
40.58471490900134,56.48701637508446,103.36044944022147,1
56.46704296039496,21.779879013049523,65.10816497176536,1
44.70102988874163,58.518441726573776,78.22119456659561,0
49.03464966655681,52.16397240739515,96.66909854860951,0
48.93899690285787,53.42701776827724,94.25550480085056,0
52.32582848461774,49.764038672748875,80.29536906937749,0
48.952170246964876,60.88962090542862,73.26766982699984,0
56.104195692896184,57.70417876546205,92.61522820284873,0
47.707344174315764,61.732653620129256,82.8922206232104,0
56.68207998742869,42.866562161870895,80.78067668036734,0
64.97263563839223,48.40354355607173,78.9093738271498,0
48.150558155049985,70.44703961421517,80.62227801948508,0
40.99521531096062,65.2713337686653,78.8366372677038,0
49.423256299223425,38.75969105530629,83.80183742830977,0
58.80665782944334,37.06584682466132,92.30070784225497,0
47.05039116096326,38.36469510687135,69.36884590150098,0
51.55032386762014,51.370459199881154,62.49816871873608,0
51.36929528015583,39.4435673868083,79.42056554194812,0
57.75047760905609,41.270354605365384,74.16972776842294,0
52.294492910097105,36.65848019812083,84.00508863914571,0
54.610889845270535,51.81326785959922,68.20663208964307,0
58.11831837667253,48.51637159065382,74.6093932195289,0
47.73193052393075,16.984876744022166,65.65672957184758,1
44.349230252920044,50.797690422805005,73.83034398929519,0
48.55993728506397,43.55888111884614,89.65087431148868,0
59.49232795830465,51.86381931373121,79.38360309128197,0
56.238663575618304,44.770184789569804,87.31667938421559,0
42.05688399817166,56.078861413293026,63.91761222399981,0
48.70782431786423,53.0371815053165,87.29750937022268,0
50.54142643403307,44.346427602274446,89.21268833151508,0
36.79130784387559,45.557975873029534,78.60269430980763,0
63.28869289066136,49.368612907390954,82.58419285709648,0
49.314859260879935,43.595821571377584,80.46911298440037,0
51.66199510526114,42.03549090589775,78.63081179468323,0
47.257305044545575,45.945256221696816,85.67939022312837,0
40.70987099129562,53.28459798902622,94.44495294288063,0
47.802122798356926,54.11112282868902,85.77577668867235,0
49.53131357582756,61.44528068244996,70.94856302471952,0
60.913959115748554,47.81009036782513,74.49188526912533,0
47.07804030398035,43.23274923562303,83.47221895527606,0
55.44505170220006,65.9020347434019,67.1343031954693,0
47.60811642794442,42.224749405277805,62.36370378246901,0
36.35215181797841,65.20353863175774,77.35273760137095,0
48.319958734976545,48.438759543268574,80.26103515622579,0
46.3409438810065,45.30179338471133,81.09418465465944,0
46.630263487347094,45.86929670803204,74.81805986162472,0
48.63112018055909,51.315474335367114,81.63646053746231,0
50.17683776694856,40.4692978559883,80.37319114764078,0
51.288149765891795,58.34501172113266,88.33219921313673,0
66.03663459935467,48.99259724811415,99.68798903611297,0
46.35345450811163,44.38320630816767,84.23881413388064,0
43.27100633648368,30.72540300402634,75.28416952930631,1
60.241534541915,55.47599868961356,60.829230341002095,0
51.64368194903133,61.279925741782634,88.41823377511889,0
49.797324191677355,60.22790661204691,68.97256479026689,0
55.41574706551228,58.3858918381326,81.10024775224328,0
47.091630295252706,43.09403130561087,61.924189479252604,0
54.08378880094655,59.446186762342606,88.96482911455081,0
56.78735131548864,42.00965760560298,82.70649841866197,0
54.00074519848253,53.89524075817535,77.32834823316912,0
47.35931168282689,46.69682977044668,93.37682914200929,0
49.086765606071395,47.80529883128507,63.550379591517355,0
51.356521613599796,61.78393356160653,80.44796277959126,0
44.41664039977564,58.686949485293525,81.20262132999966,0
46.410086023913706,50.30211623547065,55.970438275687734,0
50.137160029723326,31.65806000679018,86.87625883524228,0
42.81377576437795,36.157802782486826,89.00002890253432,0
46.06279897948769,56.605811780695426,67.97068085994567,0
55.573812958254436,62.38760628681334,88.23148882288632,0
53.45047306105376,49.42202204092661,89.23692279427334,0
57.99961162441778,47.08377365954898,72.49538241865866,0
47.95992853651493,36.708743191903984,69.62194646474228,0
56.555688515429786,31.307524912451935,83.04076199774791,0
46.77118610551916,47.548297362344016,85.25394257896494,0
46.6663232612288,44.512407935395586,75.08893093024918,0
75.02555650128872,49.69098622711195,89.27690458492626,1
51.84763610689977,64.0574906597186,88.44498441547992,0
46.99016072676379,42.70415669473916,64.2953168577065,0
54.02374595708598,49.479474331165235,73.37392632585396,0
83.07360750468314,53.83258865782513,74.18027672273536,1
48.562514170888406,58.08361764572855,88.72831540153486,0
57.195092356628415,59.39320657077894,72.16782020795628,0
48.443422621141394,44.969472591034986,81.90745858897877,0
60.881298705484824,49.77155386554902,74.76908499408756,0
47.799935765819384,50.82853360199053,81.03447187871028,0
51.760300622897574,60.21865099109712,67.63192119390165,0
46.931026658751605,47.82046532151412,84.64540935167003,0
54.11788956382419,44.11390011838006,72.69999904732748,0
51.691238349721075,54.95021190692927,86.9419002118693,0
45.705885703625206,42.54934131398821,79.46048847732027,0
48.157709482383545,58.13343050669419,78.33439485583902,0
49.33155349790066,43.32374346682235,68.81934340518984,0
54.208538755042454,60.29023359014964,73.61607896242975,0
49.55681750735138,49.69746831891342,85.43603192602646,0
51.07054871787096,42.58642622283256,69.9390644412041,0
52.79110160221382,49.059927675094514,57.43989841819706,0
59.02464777007133,58.028163537504824,76.64455578259852,0
51.26822352123939,45.57306077420934,76.11541153699012,0
40.43401760256319,54.262118939997016,76.3342339032226,0
46.108908310300855,57.12373973262794,90.80403028799694,0
52.20706999000336,49.227190192148676,59.212191136157124,0
59.77495235503716,42.48028003716261,84.268216754796,0
43.889891129486614,49.32270684372711,68.4823805606384,0
55.32840588785542,45.731298332556904,64.2749744584651,0
51.40804106377715,54.6244411292838,66.79012590997827,0
44.66392129481674,45.726697188250164,86.98290674839603,0
36.086892998642995,52.602918156411306,85.73891249061562,0
65.39062223516328,63.25966048761664,71.77476496258902,0
56.33222194673512,37.14539000260967,90.17965790691073,0
51.73546125350976,42.67360279717879,93.64427818831506,0
56.39564955666325,59.6880671012174,89.55745682691686,0
55.59548455526363,48.75910954284376,91.3657151479259,0
52.66111366590463,40.86000998480226,88.73496826500289,0
57.27014429883567,52.40055088024697,67.03842005501735,0
50.637398161458336,63.44764468282338,72.9998356939027,0
62.039062463629946,50.10502286436723,70.5753243329578,0
57.220730533298756,60.20295861555611,70.75038256545413,0
54.05749579126697,50.288757942646974,100.52697959288011,0
42.331390575811916,53.75483530317959,69.10669861664931,0
48.74288501496457,13.647422817174586,95.0851944263959,1
57.30052558054687,50.3108231364148,73.54827280253897,0
48.28844285258938,41.6655539232242,75.47196339181811,0
46.2871303309692,59.277326568438426,82.29793509561333,0
60.72826487826387,44.60672059008903,91.17828100462802,0
67.09327765901946,43.774756736278974,104.1346608420688,0
41.08892515086747,57.65834410192043,64.1528079061306,0
48.0070070378561,49.64807944570666,86.88789811009465,0
60.10705810619669,44.66102148490824,75.08683805118572,0
48.478919820618934,46.84838137788888,80.79919304082973,0
54.42810354432128,38.77718038896939,67.78687368240836,0
55.023310864306076,26.537088108599402,94.33763073920467,1
47.16767359926618,45.05522670795561,79.6651174004694,0
61.57870974903398,44.76084399187282,73.67060998555611,0
50.88741236935717,54.138567502880576,74.10827470939495,0
50.89191566799122,52.52982940923495,90.65885735784684,0
51.24357050039275,43.99620879277258,81.13369402702888,0
57.98799945807477,55.53729455334178,66.92610873323423,0
58.3722779907298,42.276474144390896,91.658982477489,0
40.056349910234076,50.34466565246447,75.01745024015888,0
47.7833953730729,59.79703165770011,71.33907411951714,0
40.251439960292714,49.21703721387821,100.64455387731954,0
52.92855168388347,53.678032370648424,78.26838418312323,0
51.05383787374943,49.85295152434836,75.16745937792649,0
39.18157715833223,39.218347444536086,70.80635490894343,0
48.307038660842245,35.07898029050865,93.52514383748712,0
58.11892051391776,45.96247770151175,93.0854947683857,0
60.821370022267786,49.814037492310575,96.54080939461997,0
38.56204866107708,51.552001735601934,80.82413377327161,0
32.962498318297314,67.85365030698102,69.97177217874741,0
38.20780875378405,46.582761994460796,74.08928843139499,0
54.433406105898676,42.15783031236467,88.68756884743586,0
66.99812131539746,58.55747912815678,71.56095264421957,0
41.11275873718302,42.643281867032435,73.45061508761707,0
45.921662059225156,50.529508332565435,82.58144293532729,0
44.63238151372778,45.81562980488182,77.42377501484776,0
64.73203558143967,52.153309479199976,89.86019931642825,0
49.23196857619378,33.393443174661826,70.552913045591,0
44.50706132319995,43.437242609413374,85.67925214640752,0
58.883977105842966,47.274738430794685,72.60891761701265,0
68.73588018806446,49.80597739340711,70.80284741356195,1
62.83904631545415,59.204719935756266,90.74344766196879,0
66.45933214255108,53.835438058944824,89.30085594266484,0
59.2977625626067,52.57600585943599,72.42353949957628,0
58.682539748248864,52.13023314673999,91.16344088079165,0
41.014387378186065,54.87005344219967,95.22049411978011,0
32.9881342973766,59.29315768124734,81.15941073766143,0
45.06854475054479,58.04825777678857,105.94541872368481,1
56.001474731122485,44.982695075416274,87.12448638806006,0
53.95743367521635,60.70499018582311,75.59173706120329,0
44.6938648248494,43.056326376491825,72.80972787853358,0
54.854579401102484,45.94756464326868,92.50163523729839,0
43.25145278672546,64.29223316852102,97.98012598453566,0
59.202582471512954,55.49465864021284,66.37377087181154,0
52.83896617501662,57.29985720644024,74.32195845625277,0
57.420532512406126,47.2554385134754,72.40381288538912,0
43.60662975108592,53.36581419455567,101.35689990668419,0
54.83286975991679,51.6710095430064,66.26252591668255,0
46.928306912195715,56.51270424521163,77.4497915294156,0
41.1125694824663,59.46134014412396,86.97030104573535,0
41.43293624685699,42.49850218083407,93.38836398900753,0
62.11345600116387,49.25899065051045,81.96274817090742,0
53.078733896662825,49.26806329635069,89.11505362878164,0
50.74055515542526,41.85112966491087,91.55904952669752,0
48.972130220790916,51.54854631348389,75.81540977951312,0
55.3560880453076,55.87588702325841,89.8690552216546,0
43.03373715070677,36.9528218584284,77.72469369750193,0
44.76985718798515,45.988243267242346,88.45837452918236,0
53.80589313969949,76.4441894913193,71.37916473005566,0
44.28731720035329,39.06236935023426,80.18131528244115,0
61.36923278773547,33.12987447428165,70.88320708967349,0
48.26682804185661,41.181980675385915,79.52907750110401,0
48.545725372864794,53.50020737730457,85.68352025902057,0
47.000958567914914,53.08548666327278,78.89807903257636,0
49.57805246321022,45.97238035631278,89.64069429650277,0
43.22708568750069,43.88702153870655,84.60006802351386,0
50.01035911439641,49.86761104621105,88.5452543473475,0
34.75146018113955,53.649225982298475,83.24953870047615,0
43.75377304866963,61.752576665621774,56.63221372714838,0
54.026737918070225,54.21251793524855,82.73338064570991,0
47.30082269924424,57.8771949729874,55.99721011649375,0
47.584791640286,55.080908013806905,84.90386829882135,0
34.713701719588165,45.48838715722124,74.73538596853386,0
51.45289130417626,54.88039598794539,67.82137142794365,0
49.753712732111886,50.732588434265544,62.79366760284276,0
37.88708073908697,56.396501656487324,70.56714724600332,0
44.61426433203667,35.93520306110511,75.62350625160316,0
53.09053640560384,64.31308247197157,87.5004036611344,0
56.77192815879295,39.98067496263323,77.44821353696537,0
56.03613666707454,53.86513147021137,73.72489747437234,0
52.355352580708455,44.887986187679516,91.05942037632339,0
61.72366407530848,41.922186528735935,86.05095264141767,0
61.56067342385804,43.44201391677041,67.92581607735461,0
50.32676344204563,50.86995488620583,100.64289498651586,0
41.632019597355864,54.26206037674985,81.79193910114786,0
56.58935246387907,47.29393857685368,72.19986502402331,0
59.775347648309065,58.68829098509926,74.3737097630757,0
47.719833741913384,48.55477898015404,87.01994760939989,0
34.9744919484944,51.808343625330345,89.16309569534886,0
48.05573184618705,48.52375680389512,74.34752434220694,0
52.17886131576789,66.49249984965228,82.24625355422943,0
53.59391294430539,55.128108594400985,92.41428605439782,0
52.163810129187176,59.1811899731537,84.6203308702752,0
58.36457175923568,47.26456053455988,77.22594279240404,0
40.455326569056666,38.16202421518214,87.08437888823455,0
44.2711067371355,44.09555163638727,78.71682792920197,0
64.69064736072544,36.292966109791976,82.94263514857543,0
48.814263695647846,68.06832317505872,87.01835158904242,0
42.1307543706109,48.77110638194671,64.85159190578663,0
53.678482133019145,46.949255852595684,80.10096328421555,0
55.204469045305856,45.14871677244578,84.53653111840465,0
50.64635813384944,57.422517153700866,95.42130703594145,0
38.141660394289616,46.32728991892717,86.8298110275951,0
52.45252682933061,58.15585058918399,92.25331090912265,0
63.331764447193535,50.05131004384892,92.24075220000931,0
42.570462959057956,53.37346380230391,75.82249372484618,0
62.804513206692405,43.30486730915022,71.39751511007235,0
49.578525943596986,51.94671317905522,69.19391670608152,0
56.087327515640034,60.01372825633291,135.3416679435834,1
71.06966378236426,49.33845814049232,94.71022138364387,0
32.51977544655155,49.38387440013879,79.91028554669255,0
56.91116858779214,54.56257297951561,86.45743291860406,0
46.66356235435182,55.84554916374574,86.50810606258207,0
53.977147885326644,43.90179614996655,79.13478506422035,0
52.84079098825277,58.80421691201416,77.80464449844378,0
43.65041346302953,34.27491909918993,67.67468383358428,0
55.47843458752485,1.816570326326591,80.56612790293752,1
67.88801609719852,51.588868076492766,76.06763964977769,1
53.82498893905436,52.88780387160226,44.60512426629799,0
55.61727747482745,59.00143490425801,66.54924428117242,0
56.61666288218951,53.80116988862429,94.05138704518819,1
47.044027050266365,18.36094231688743,88.16741675755915,1
48.71859754750303,42.931738460719345,77.10131228555474,0
53.933997709510216,33.449435296368485,79.89576205039886,0
55.69839183189486,53.87590791502554,87.4925092905706,0
48.382714354454926,52.18485776940863,93.05907209754616,0
58.20189979735185,31.09506360367156,82.47470703893256,1
52.53976935165098,42.96200530372972,67.46072458040945,0
44.631878990731046,51.85346584110656,87.20050430892944,0
56.561353684154284,55.13881218348808,71.72374406721055,0
46.54036771319009,46.07492252517946,70.60756517789761,0
52.32740537238819,51.525135243325515,64.24834827060526,0
44.15656529205445,47.96752218058204,78.47824005805582,0
60.38891433429006,57.36471110952968,74.87430600198847,0
38.16287824829988,54.70679578428236,72.86689669923636,0
40.54865688199163,51.39029235203425,99.15090899295413,0
45.817857832753674,37.93121059107007,101.43071800526883,0
46.78311179716925,51.93996258944684,67.56904710381593,0
54.81567989697176,65.57776143332966,54.002782214394536,0
51.22360427719695,50.81904003493273,79.18938861116091,0
70.82156846099782,38.84939278408029,86.68491094648964,0
50.49135728415734,60.068395805196204,66.65350424958878,0
59.26043897091897,56.78772749206933,73.46672919565981,0
51.94394956695332,54.08397427210163,84.78736305500063,0
52.449580431072704,58.044506363242874,80.54414735236128,0
49.10017552379047,60.2186866315148,84.99161309881444,0
45.08168071297504,36.54564010569365,91.47524847941638,0
51.90996319043525,44.45544001626683,65.09785817662228,0
37.97458888956905,53.54913830360512,67.46122398898342,0
71.34255210204543,47.07369545102735,79.9445860887622,0
48.18783483673417,38.626539119849355,89.49080835847421,0
39.11494960231865,46.5343347391517,94.14994701537952,0
43.535362153240115,52.72928895777445,71.60834720949995,0
52.196584037703325,52.882155117377174,81.67085553037495,0
48.66297514130518,62.99780480110142,63.91387093121402,0
46.34502920272534,56.657948893969134,87.2718624566511,0
54.093987759305115,46.66391757518888,75.26245652765613,0
51.10350422240056,48.61680930433798,75.82841078166038,0
53.933064454797794,46.958618216756484,78.31510768912517,0
47.1313022646241,67.3626496798534,81.02865893606806,0
35.752055790480355,56.27090793200293,65.41726216481209,0
39.048081182807906,24.785370008731732,88.39017979439431,1
46.74227815864252,58.45547092923848,98.60931440012652,0
45.37282508829273,48.23823097288727,89.0955137501699,0
59.38866247573702,43.22550125479122,93.30518443784058,0
45.014137724430554,42.644325572289,91.29437709283658,0
55.06923727049871,45.246980546998046,99.1467940341525,0
40.87072709737945,50.82407539489804,98.95494560214922,0
45.188327770326495,45.08937434729618,95.68897890867957,0
55.62609945306447,40.97597349821977,79.60748132039632,0
50.03603940784713,46.63725620108328,83.4073360762327,0
37.199933416435584,45.24956629155797,80.68752052045298,0
54.14161110441695,60.8720904064565,68.83315139135199,0
52.01408880280647,57.417180393460015,87.9234977420704,0
49.57681467263156,41.251051613512956,76.45509450815052,0
56.82988220099173,54.31984542764218,91.2005170800393,0
56.790784027632284,58.59961875450911,84.58580116611961,0
54.78949090610388,64.01102959976872,88.37885306047552,0
47.34168955270985,49.60834798691203,78.04284215484951,0
50.74988786381274,55.16496532116137,83.21139300441779,0
53.07872335296989,46.03614148216678,78.96791834650442,0
56.17558910910676,51.85107217865626,74.5349265541229,0
44.57786216034531,66.23462980056765,60.60673732780535,0
53.38437027159331,50.54809493120877,73.40591402235927,0
60.37154881662069,51.668380105232984,88.87284934433214,0
53.834417247459456,52.06265634435721,80.49348571889668,0
57.29581441073401,50.14428331051215,70.99831323906429,0
59.49610299702842,41.21710166268997,82.4962251077265,0
49.31044323610035,31.096587105603845,93.08781828536554,0
44.30400458452408,52.12145658395982,75.00771432206719,0
48.930184607180486,54.217630997832906,69.4983299462772,0
53.20397574299003,42.94675666458171,77.00450592937766,0
41.69031372297543,30.858281544420997,79.90449393671994,0
39.6887733923957,56.54581135940484,79.77054577919994,0
63.6382193165845,47.424315622560556,84.01173696545617,0
49.93633422332703,60.6816753905972,82.09401026231714,0
53.83711324649251,42.04790484378431,77.23915626571481,0
53.90913454200685,53.187637977159056,49.82232181268512,0
59.83189420773091,43.6628496122909,67.11984096603031,0
48.89753633886596,54.60607254951641,97.62662930376874,0
43.94667506091092,42.55550389934843,73.49095777779954,0
51.08536372660989,48.537101386492516,59.89389824226301,0
49.41059800544914,43.551630075483175,75.72171480948043,0
46.89903365038425,53.18704123778101,85.6110820068651,0
54.63897367095334,44.658170359810775,83.53686938261608,0
51.78728498736394,51.046152310218545,83.03634611114987,0
81.79252227333723,42.527481766838804,76.4237934987429,1
50.39728633944884,59.075190809886664,79.04528472843359,0
51.50049633148444,49.359442087832186,74.3059806202537,0
51.50991483009249,38.114804275027424,77.61687825563003,0
46.510784690182696,50.033552931967115,79.83400920274418,0
53.98638158495789,54.96548640212947,83.45520631567821,0
39.84227608993141,53.9955299562843,92.23197793924356,0
54.38218330476215,50.97237535323516,76.70819575333778,0
56.88217981348606,41.21578426465382,89.51101411888236,0
49.74907384989654,51.72804306409851,81.68229308871265,0
38.63853292675168,59.05540792703091,90.56299511829744,0
76.98869092957634,50.04136677832896,82.24032373479571,1
46.36478445122025,51.06048387280245,65.21547490582192,0
46.226474178124356,46.323061170946026,69.76045801442098,0
46.5332978855127,50.31890973592893,83.125775991886,0
53.52419348423106,45.739740405619436,89.68149033113245,0
37.70498424333394,49.57658703881076,68.55255039176691,0
51.45730695669247,48.02623929221579,75.22138581340953,0
48.769511196434685,56.158132839505924,82.93799101849125,0
48.691857327377065,55.28830005370608,58.43793161569977,0
41.78851183841215,61.868567757266106,62.50777296764457,0
41.531260532714526,35.433563480415444,88.09159186156121,1
50.52088747114728,32.6598218964858,74.86534866740361,0
51.79607751603122,48.346960700216755,89.81104843857253,0
52.66847040947551,53.059181224444124,80.6865283008,0
55.12755648726781,58.415946195058595,79.39839176984725,0
56.23513173229662,48.65023667801643,81.87167408981908,0
48.50148789408421,64.30723289664682,72.11843400913925,0
59.36757742397878,27.246655358316755,96.28973146338772,0
44.48221626701061,58.75115464544501,78.19448978509598,0
44.76140726750838,38.325861230901396,69.7613687956486,0
52.269839142662484,52.02694098758577,81.21741723058928,0
51.185584512855286,53.55860947422158,68.94566374589863,0
52.15188691659016,44.11674540478017,78.35518482308079,0
51.146725839664896,55.473117018065885,63.21979685404459,0
50.77355413462186,48.84426786205097,75.47318633867918,0
56.23863187027919,45.62926371696188,83.13845128082582,0
57.880035604271214,53.96045760600795,85.27300459000804,0
52.9713978738591,39.19704388038855,63.18685809179961,0
55.07158872809285,54.688104792484005,77.40152413935562,0
53.493621494693485,48.407853371662554,71.84578761194591,0
45.43913610505294,45.35540637417586,86.27921697542331,0
61.34554317110849,46.51485570398171,87.95062282779756,0
52.03343465272697,50.887712551701405,81.68427853934112,0
39.779987164773146,59.29262386792253,67.93969054452896,0
52.171032097857946,59.55349572585571,78.22730634319929,0
49.25084851606087,53.24842699335146,94.23279790732191,0
50.088680090237716,53.163896833781855,83.05162444850588,0
57.60200112067478,39.56261594906883,84.19061199706327,0
51.01200815965197,63.33719738933596,85.02718192872541,0
44.861121579584044,15.960507453790626,73.63460145610547,1
49.113313159920445,57.38626850612532,66.81349156755198,0
45.009072964513,51.29960851812588,91.87412698219798,0
56.07268155642197,30.265029795720203,96.94413802197182,0
54.84601594022283,60.84536512232211,72.75989442668048,0
51.775917604968484,38.272171107388374,64.77574962022341,0
50.351661089289074,51.99033279064857,87.47969800829158,0
45.14497012227574,54.15627780819808,64.46876018334643,0
49.44271880321744,56.97285679308054,86.27229652419906,0
58.42943331383312,47.495658563828805,76.56163721771502,0
47.81639549688299,56.3422862177156,91.5173225032248,0
43.47298800584481,31.350554854627948,92.0466782975072,0
44.6284349483047,59.443852516698925,71.04488276687867,0
48.39574242312798,62.389276542073816,88.07158369522529,0
45.57062872654902,47.86852158012681,103.76569987932254,1
49.17830047467337,54.77151875652164,78.50268181488524,0
45.61837090640631,51.4542194392901,71.28416088999941,0
49.04380855239414,42.093097854022005,92.60432186065296,0
44.12795418665544,47.776224989893635,83.40164858288668,0
45.36666767561208,44.76009984341552,81.02546976762811,0
55.012904310579394,45.792225273799005,85.4153641272471,0
62.464364276452315,59.272421108244956,80.33501861852322,0
51.86580187535215,46.13375768452358,68.62274449447304,0
50.05231925157063,59.85675509989898,82.02395617605367,0
60.459632613215405,54.589200627602494,96.17139180333055,0
38.280918677804294,51.89548241008452,76.4802435859924,0
46.43515136342468,45.6113951822799,80.92614399470402,0
49.01153592305365,56.404895210537774,67.19456513204098,0
51.972605316315644,33.7460393821861,96.5435445146924,0
47.70239323210701,43.15817907831867,74.93453836429757,0
74.19358819323936,43.38550655814547,83.69278413914606,1
49.11769923165675,10.630019951445604,66.64347142349726,1
47.24682576471065,65.90008028608301,72.86712004763996,0
50.33364423440567,34.792069755542904,71.66314461447756,0
53.299842247870416,44.34460144816396,93.32059437084703,0
52.83322596427965,55.84264492731367,73.73611305957166,0
53.05409576159306,45.65044112100354,103.69742249925629,0
43.67970394966338,50.10850411013313,79.50530006036588,0
39.97170153600288,43.690588712878615,75.66322448454014,0
39.0495044670298,54.020401913055004,89.81814203392575,0
49.5235964642229,47.75338822783918,75.43941575715971,0
66.71587384441665,47.67609903724171,82.36744777685092,0
65.77307145034706,38.434153319656644,103.20415219118532,0
49.36115108259722,60.09083900128881,91.83176493639343,0
56.75212097632531,43.30336381588653,85.79013953909927,0
45.38769639799681,58.733492116317535,63.439365173801946,0
49.05751070783319,35.815535299189506,74.46287521925949,0
46.864477813308326,53.432678856050764,82.92686868585189,0
47.00930363538204,37.868749734031596,85.82615512590618,0
40.571722150302676,51.00568800263411,87.07554526454345,0
58.565460335326456,27.159462580443407,82.25086896170205,0
44.088491401132316,43.41015400429281,68.51295305513771,0
32.64008018144436,46.93328736895211,93.74388456675076,0
69.25081766407621,47.46470734198214,88.2949900042121,0
40.78478353902074,46.95457054236986,75.96408162379038,0
49.66228182904574,64.58753028344498,94.32682702450303,0
55.09378218061835,57.71032322161911,77.84214197122297,0
75.83808017253695,53.61256858563529,83.59367409025921,1
49.10068933594611,48.75074257701467,73.71894577484045,0
45.530861634870014,55.128610823029796,78.51783619725676,0
34.222490228891616,49.80787601360084,76.9089344969043,0
45.60410803108227,51.5973015922268,72.32087741654995,0
51.53811217366302,46.91351982624827,74.09687345007633,0
27.70651186573246,39.60022136261358,87.06550468185824,0
63.65893885634685,51.76395078030312,101.07229392778005,0
43.34191307787853,59.91564622592613,89.73149668712112,0
35.86268653428105,48.32112303878286,99.23490021047006,0
46.03597746794135,35.26263929694515,77.80176399022798,0
60.06450327418387,54.74844608988372,73.41836715754033,0
57.4253843963191,46.04391699359435,79.6634331910581,0
43.47936146574227,60.390548571590074,84.88833580949749,0
39.71614955333142,45.089357740767305,79.6369760143545,0
55.387454189964146,50.91692720087583,56.93350671867505,0
54.05471380701859,48.81892938842935,71.04111488427657,0
52.536525343502696,53.39880262286035,80.3696041794986,0
60.049468482908594,56.77157537134591,72.3499519465022,0
50.74763728770773,56.05565923463773,75.24845938758995,0
45.47763323642124,43.083520658583296,79.33743899839148,0
58.92396176433292,55.14188818785409,89.04178688806611,0
51.8730465980482,45.951811546308136,61.79632428069141,0
59.33564860444126,53.138920845078545,63.66449814090789,0
54.874731174253995,65.18069945952658,80.31438295025282,0
41.124627777927145,46.1080785088044,73.5518537843499,0
45.52253236149465,52.37910109642011,71.46143525816659,0
56.17660123221485,44.9696263833292,88.74290333787448,0
46.7576208388507,47.75241536313339,118.28545278203237,1
62.200962581647744,54.961952589155835,84.85066349421182,0
45.43104453074316,46.63210709242587,66.49034018046311,0
54.86788832749773,40.68549156485954,85.21922520283638,0
41.131693295798485,55.09881170969189,71.32508475699939,0
41.8914876623665,55.33683526275676,86.17637055669823,0
51.45598706562173,51.25750075919977,86.11632965221143,0
50.70489360773894,51.470335698500314,69.76327296246326,0
55.15815324196922,42.03920041911274,73.44649472251531,0
47.94027666966692,54.324835397793315,89.74553197282391,0
51.17952349201649,53.07090341786941,93.91177369165796,0
55.21192560264934,50.065254663569654,74.74278384586202,0
56.46595058998953,52.019956451203214,76.65587812662308,0
48.808953717290585,59.083266932985566,82.88286116566323,0
58.43182158591159,51.940412809783346,82.14808594211895,0
47.740255276800426,44.112683465776875,71.61292642442498,0
52.1562565127544,46.550692828879214,85.27858611797907,0
46.047755079812745,33.20654483431477,79.593176252229,0
49.85777548989348,34.131926761594706,83.47138136878571,1
57.050231853736015,55.00968101319529,112.43216379975354,0
50.995170513199135,59.08421394640811,67.12458083658956,0
61.06807262952855,47.39063509939771,86.35971351617121,0
38.397712231107775,50.05746240664617,76.03819908042898,0
52.53096291467538,56.393877807258974,81.43778539187691,0
54.08750791322998,48.54616583681003,92.41817048652482,0
55.50201534661738,50.83774897769171,78.65202444209197,0
62.80635702639719,55.623057334935474,72.95968192458446,0
43.13315060741624,58.95019762725762,73.01051699187983,0
45.851141292036864,35.285048152660906,83.45374011512472,0
53.75171095207684,34.250829548991334,84.28063663628474,0
65.80047675762391,61.15230753985357,80.86239427217336,0
51.40323806625484,33.55242310691911,66.47197307661447,0
47.961391223811745,46.434412429783535,91.87629815270837,0
41.299559224937504,55.39786419227197,93.0631905425792,0
43.606841048462734,41.11048606246771,77.70460294124527,0
40.22066836126705,54.673713951206224,81.62585745585491,0
42.018181015353825,45.714610680125595,76.64560722468117,0
57.28149370521833,47.82172026997573,106.16153602591044,1
60.53225824517848,46.65329825979954,86.24438433356916,0
58.312689087078994,68.68135169708555,73.16573417208525,0
47.418704646042464,47.105255807238436,74.11040318545248,0
42.37572105068707,28.522361033694853,78.42409028242031,0
55.661360721820635,54.54568099575042,98.40620230587882,0
60.47742238476313,39.35838639201552,65.78629771296528,0
58.001117314640545,64.63596224046586,68.42430999384128,0
58.660069039377944,59.88746898223371,89.39066265181998,0
55.689556334277896,55.54460105926376,99.97598153657938,0
55.349701275546785,50.11111571669368,82.1398708179912,0
52.77831077994975,39.706487421345884,89.96732489491359,0
45.160728895828306,57.012685221877405,80.06360946797403,0
58.824782614665594,29.15618501713468,62.317039311584885,1
47.441176694209716,48.69572570168033,83.15436617524621,0
51.007325787772416,32.386016068944734,94.41906124288263,0
54.10956099923273,48.97623210664316,79.27328831478714,0
49.4131561839035,52.905546578417685,76.65702314265437,0
46.960646339704475,47.4777506227763,92.07351558878256,0
59.41411617164732,47.110382262729196,90.97689477846188,0
50.968313450050175,51.05158480659102,77.81058445856772,0
49.58198376610494,58.89824995104611,67.87454682032674,0
45.904855984925106,57.60694924176761,59.86926369257722,0
56.85366405629468,50.55157200143459,74.88538160067849,0
53.780054684472475,52.84231267550984,80.60272142806174,0
47.99865442252985,51.35026852223144,68.04293472037283,0
64.07718566072428,57.814628735133475,82.32559687548532,0
48.46719522295966,41.187519342176245,70.3309798297724,0
46.04187860446838,9.244649061800708,70.11526280394999,1
48.77546569776494,56.236630150936165,81.6858049163356,0
47.81218720857163,34.85275861604159,81.69176730940463,0
56.655418011585084,43.66786472088799,62.588312238084455,0
49.856558626822725,52.93647822003043,81.60044411903607,0
61.0892480370687,50.51645939382977,71.27892661917257,0
55.65266702545174,51.53295627334107,83.07430427058968,0
46.08108919386301,47.589847925157,89.40023056421325,0
48.81744018538181,52.50496395214965,93.25595006302885,0
46.53968437850419,41.11837103391128,75.16404185234265,0
44.9566647900029,52.98665967344373,67.57295695187231,0
30.477834272015066,52.55533707215339,84.20550796785827,0
55.5684421962871,46.67588840891421,88.80100086969904,0
48.26553102314957,62.46432422867827,71.64599477610547,0
53.414334372254004,43.75379710906764,74.05441374017518,0
50.38208236399931,44.83798390819618,89.79294440724176,0
44.51033666184097,40.91268281976853,65.91630192650885,0
42.673252708692154,19.78425128709438,82.6819848448012,1
44.731345491644106,51.40592766769308,85.0950100502302,0
51.87716671410678,42.35522336320823,79.0372328207223,0
53.368002136923025,30.041768027119353,89.45333515902244,0
59.05674746853927,29.24414402171263,80.40576574781068,0
61.27541825459,53.22035030354879,67.85328277360263,0
63.48750697267644,59.50051321928814,81.5769798788226,0
48.10309587431657,37.99314194490135,79.84171852777258,0
48.03476782882686,39.651500875663615,79.27200048500745,0
51.66746430969046,59.335233023188025,78.37058997094017,0
51.80413714170519,60.46368756063886,88.23534276435505,0
35.164206868978496,48.06075910940621,82.15824104564231,0
43.405770072701415,57.73268564400153,88.0877555172977,0
44.69142472623212,42.71685898532552,70.22176512644332,0
45.135557396504495,52.03691553411464,69.59147183878306,0
67.26299538218433,46.59465780392157,74.22204320781097,0
42.519283181971836,62.25450877347606,73.51105410581343,0
52.7105221252558,58.196546202641464,87.82140782986625,0
43.86537676628346,39.58511855949262,84.3369560501657,0
55.09794683284208,50.7569432493144,81.91480269476854,0
56.04053133302535,68.60373548971064,88.20364960694802,0
62.26191257893464,56.133532943692096,56.08584340019512,0
64.06917503174496,56.250590646081044,73.70686643084412,0
46.674131055044484,57.68379486132789,98.82060019616321,0
50.70020665604509,62.413278824291154,73.90929887575054,0
54.995741745573376,49.674779061162624,84.82799619419369,0
52.4706186933327,43.128985372349995,84.6885770077564,0
50.618084394718586,56.93097312275438,71.06348990482702,0
39.354253214791626,55.28680623124573,75.51129326140185,0
42.11371094910822,56.48138016282006,90.35689211334731,0
44.09402844690833,47.55415183842498,72.82145419743088,0
45.47858458568029,34.86817877933303,80.35074101784443,0
44.42307449042974,40.01070443190413,94.85930249891969,0
51.3895929774263,47.44700497671144,76.13345245453874,0
49.04750961464496,46.44129212391707,77.09607883111657,0
60.95844601854609,52.11874183694964,90.73463139789598,0
57.152818231566926,46.80105187542528,88.25400900086098,0
52.26629899985741,55.62027043124834,89.5678073522845,0
42.156084573470935,63.183199435428385,82.67719054097579,0
56.441813494245395,51.32439088718115,90.16993060619052,0
60.30349838818107,49.81250293507826,95.98075962251488,0
57.67454138114353,54.11048235482275,53.71878923558792,0
48.378608197293914,59.91135605253849,71.12556938519413,0
